-- --------------------------------------------------------
-- Host:                         127.0.0.1
-- Server Version:               10.1.21-MariaDB - mariadb.org binary distribution
-- Server Betriebssystem:        Win32
-- HeidiSQL Version:             9.4.0.5125
-- --------------------------------------------------------

/*!40101 SET @OLD_CHARACTER_SET_CLIENT=@@CHARACTER_SET_CLIENT */;
/*!40101 SET NAMES utf8 */;
/*!50503 SET NAMES utf8mb4 */;
/*!40014 SET @OLD_FOREIGN_KEY_CHECKS=@@FOREIGN_KEY_CHECKS, FOREIGN_KEY_CHECKS=0 */;
/*!40101 SET @OLD_SQL_MODE=@@SQL_MODE, SQL_MODE='NO_AUTO_VALUE_ON_ZERO' */;


-- Exportiere Datenbank Struktur für it_project
CREATE DATABASE IF NOT EXISTS `it_project` /*!40100 DEFAULT CHARACTER SET utf8 */;
USE `it_project`;

-- Exportiere Struktur von Tabelle it_project.employee
CREATE TABLE IF NOT EXISTS `employee` (
  `id` int(11) NOT NULL AUTO_INCREMENT,
  `last_name` varchar(50) NOT NULL,
  `first_name` varchar(50) NOT NULL,
  `email_address` varchar(50) NOT NULL,
  `business_phone` varchar(25) NOT NULL,
  `username` varchar(255) DEFAULT NULL,
  `password` varchar(255) DEFAULT NULL,
  PRIMARY KEY (`id`),
  KEY `first_name` (`first_name`),
  KEY `last_name` (`last_name`)
) ENGINE=InnoDB AUTO_INCREMENT=11 DEFAULT CHARSET=utf8;

-- Exportiere Daten aus Tabelle it_project.employee: ~9 rows (ungefähr)
/*!40000 ALTER TABLE `employee` DISABLE KEYS */;
INSERT INTO `employee` (`id`, `last_name`, `first_name`, `email_address`, `business_phone`, `username`, `password`) VALUES
	(1, 'Freehafer', 'Nancy', 'nancy@northwindtraders.com', '(123)555-0100', NULL, NULL),
	(2, 'Cencini', 'Andrew', 'andrew@northwindtraders.com', '(123)555-0100', NULL, NULL),
	(3, 'Kotas', 'Jan', 'jan@northwindtraders.com', '(123)555-0100', NULL, NULL),
	(4, 'Sergienko', 'Mariya', 'mariya@northwindtraders.com', '(123)555-0100', NULL, NULL),
	(5, 'Thorpe', 'Steven', 'steven@northwindtraders.com', '(123)555-0100', NULL, NULL),
	(6, 'Neipper', 'Michael', 'michael@northwindtraders.com', '(123)555-0100', NULL, NULL),
	(7, 'Zare', 'Robert', 'robert@northwindtraders.com', '(123)555-0100', NULL, NULL),
	(8, 'Giussani', 'Laura', 'laura@northwindtraders.com', '(123)555-0100', NULL, NULL),
	(9, 'Hellung-Larsen', 'Anne', 'anne@northwindtraders.com', '(123)555-0100', NULL, NULL),
	(10, 'XYU', 'abc', '', '', NULL, NULL);
/*!40000 ALTER TABLE `employee` ENABLE KEYS */;

-- Exportiere Struktur von Tabelle it_project.product
CREATE TABLE IF NOT EXISTS `product` (
  `id` int(11) NOT NULL AUTO_INCREMENT,
  `category_id` int(11) DEFAULT NULL,
  `product_code` varchar(25) DEFAULT NULL,
  `product_name` varchar(50) DEFAULT NULL,
  `description` longtext,
  `price` decimal(19,4) DEFAULT '0.0000',
  PRIMARY KEY (`id`),
  KEY `product_code` (`product_code`),
  KEY `FK_product_product_category` (`category_id`),
  CONSTRAINT `FK_product_product_category` FOREIGN KEY (`category_id`) REFERENCES `product_category` (`id`)
) ENGINE=InnoDB AUTO_INCREMENT=100 DEFAULT CHARSET=utf8;

-- Exportiere Daten aus Tabelle it_project.product: ~45 rows (ungefähr)
/*!40000 ALTER TABLE `product` DISABLE KEYS */;
INSERT INTO `product` (`id`, `category_id`, `product_code`, `product_name`, `description`, `price`) VALUES
	(1, 1, 'NWTB-1', 'Northwind Traders Chai', NULL, 13.5000),
	(3, 2, 'NWTCO-3', 'Northwind Traders Syrup', NULL, 7.5000),
	(4, 3, 'NWTCO-4', 'Northwind Traders Cajun Seasoning', NULL, 16.5000),
	(5, 6, 'NWTO-5', 'Northwind Traders Olive Oil', NULL, 16.0125),
	(6, 5, 'NWTJP-6', 'Northwind Traders Boysenberry Spread', NULL, 18.7500),
	(7, 6, 'NWTDFN-7', 'Northwind Traders Dried Pears', NULL, 22.5000),
	(8, 1, 'NWTS-8', 'Northwind Traders Curry Sauce', NULL, 30.0000),
	(14, 2, 'NWTDFN-14', 'Northwind Traders Walnuts', NULL, 17.4375),
	(17, 3, 'NWTCFV-17', 'Northwind Traders Fruit Cocktail', NULL, 29.2500),
	(19, 4, 'NWTBGM-19', 'Northwind Traders Chocolate Biscuits Mix', NULL, 6.9000),
	(20, 5, 'NWTJP-6', 'Northwind Traders Marmalade', NULL, 60.7500),
	(21, 6, 'NWTBGM-21', 'Northwind Traders Scones', NULL, 7.5000),
	(34, 1, 'NWTB-34', 'Northwind Traders Beer', NULL, 10.5000),
	(40, 2, 'NWTCM-40', 'Northwind Traders Crab Meat', NULL, 13.8000),
	(41, 3, 'NWTSO-41', 'Northwind Traders Clam Chowder', NULL, 7.2375),
	(43, 6, 'NWTB-43', 'Northwind Traders Coffee', NULL, 34.5000),
	(48, 5, 'NWTCA-48', 'Northwind Traders Chocolate', NULL, 9.5625),
	(51, 4, 'NWTDFN-51', 'Northwind Traders Dried Apples', NULL, 39.7500),
	(52, 1, 'NWTG-52', 'Northwind Traders Long Grain Rice', NULL, 5.2500),
	(56, 1, 'NWTP-56', 'Northwind Traders Gnocchi', NULL, 28.5000),
	(57, 5, 'NWTP-57', 'Northwind Traders Ravioli', NULL, 14.6250),
	(65, 3, 'NWTS-65', 'Northwind Traders Hot Pepper Sauce', NULL, 15.7875),
	(66, 3, 'NWTS-66', 'Northwind Traders Tomato Sauce', NULL, 12.7500),
	(72, 4, 'NWTD-72', 'Northwind Traders Mozzarella', NULL, 26.1000),
	(74, 3, 'NWTDFN-74', 'Northwind Traders Almonds', NULL, 7.5000),
	(77, 2, 'NWTCO-77', 'Northwind Traders Mustard', NULL, 9.7500),
	(80, 3, 'NWTDFN-80', 'Northwind Traders Dried Plums', NULL, 3.0000),
	(81, 3, 'NWTB-81', 'Northwind Traders Green Tea', NULL, 2.0000),
	(82, 1, 'NWTC-82', 'Northwind Traders Granola', NULL, 2.0000),
	(83, 1, 'NWTCS-83', 'Northwind Traders Potato Chips', NULL, 0.5000),
	(85, 1, 'NWTBGM-85', 'Northwind Traders Brownie Mix', NULL, 9.0000),
	(86, 2, 'NWTBGM-86', 'Northwind Traders Cake Mix', NULL, 10.5000),
	(87, 2, 'NWTB-87', 'Northwind Traders Tea', NULL, 2.0000),
	(88, 3, 'NWTCFV-88', 'Northwind Traders Pears', NULL, 1.0000),
	(89, 5, 'NWTCFV-89', 'Northwind Traders Peaches', NULL, 1.0000),
	(90, 5, 'NWTCFV-90', 'Northwind Traders Pineapple', NULL, 1.0000),
	(91, 4, 'NWTCFV-91', 'Northwind Traders Cherry Pie Filling', NULL, 1.0000),
	(92, 5, 'NWTCFV-92', 'Northwind Traders Green Beans', NULL, 1.0000),
	(93, 2, 'NWTCFV-93', 'Northwind Traders Corn', NULL, 1.0000),
	(94, 1, 'NWTCFV-94', 'Northwind Traders Peas', NULL, 1.0000),
	(95, 2, 'NWTCM-95', 'Northwind Traders Tuna Fish', NULL, 0.5000),
	(96, 3, 'NWTCM-96', 'Northwind Traders Smoked Salmon', NULL, 2.0000),
	(97, 6, 'NWTC-82', 'Northwind Traders Hot Cereal', NULL, 3.0000),
	(98, 4, 'NWTSO-98', 'Northwind Traders Vegetable Soup', NULL, 1.0000),
	(99, 5, 'NWTSO-99', 'Northwind Traders Chicken Soup', NULL, 1.0000);
/*!40000 ALTER TABLE `product` ENABLE KEYS */;

-- Exportiere Struktur von Tabelle it_project.product_category
CREATE TABLE IF NOT EXISTS `product_category` (
  `id` int(11) NOT NULL AUTO_INCREMENT,
  `category` varchar(255) NOT NULL,
  PRIMARY KEY (`id`)
) ENGINE=InnoDB AUTO_INCREMENT=7 DEFAULT CHARSET=utf8;

-- Exportiere Daten aus Tabelle it_project.product_category: ~6 rows (ungefähr)
/*!40000 ALTER TABLE `product_category` DISABLE KEYS */;
INSERT INTO `product_category` (`id`, `category`) VALUES
	(1, 'Buerobedarf'),
	(2, 'Catering'),
	(3, 'Werkzeug'),
	(4, 'Drohnenbauteile'),
	(5, 'Kamerabauteile'),
	(6, 'Eisenwaren');
/*!40000 ALTER TABLE `product_category` ENABLE KEYS */;

-- Exportiere Struktur von Tabelle it_project.product_supplier
CREATE TABLE IF NOT EXISTS `product_supplier` (
  `product_id` int(11) NOT NULL,
  `supplier_id` int(11) NOT NULL,
  PRIMARY KEY (`product_id`,`supplier_id`),
  KEY `FK__supplier` (`supplier_id`),
  CONSTRAINT `FK__product` FOREIGN KEY (`product_id`) REFERENCES `product` (`id`),
  CONSTRAINT `FK__supplier` FOREIGN KEY (`supplier_id`) REFERENCES `supplier` (`id`)
) ENGINE=InnoDB DEFAULT CHARSET=utf8;

-- Exportiere Daten aus Tabelle it_project.product_supplier: ~118 rows (ungefähr)
/*!40000 ALTER TABLE `product_supplier` DISABLE KEYS */;
INSERT INTO `product_supplier` (`product_id`, `supplier_id`) VALUES
	(1, 27),
	(1, 30),
	(1, 52),
	(3, 23),
	(3, 30),
	(3, 52),
	(4, 9),
	(4, 30),
	(4, 52),
	(5, 12),
	(5, 30),
	(5, 52),
	(6, 2),
	(6, 30),
	(6, 52),
	(7, 1),
	(7, 30),
	(8, 4),
	(8, 30),
	(14, 6),
	(14, 30),
	(17, 22),
	(17, 30),
	(19, 9),
	(19, 30),
	(19, 52),
	(20, 3),
	(20, 30),
	(21, 2),
	(21, 30),
	(34, 10),
	(34, 30),
	(40, 19),
	(40, 30),
	(41, 8),
	(41, 30),
	(43, 9),
	(43, 30),
	(48, 9),
	(48, 30),
	(51, 14),
	(51, 30),
	(52, 7),
	(52, 30),
	(56, 2),
	(56, 30),
	(57, 15),
	(57, 30),
	(65, 21),
	(65, 30),
	(66, 2),
	(66, 30),
	(72, 18),
	(72, 30),
	(74, 7),
	(74, 30),
	(77, 14),
	(77, 30),
	(80, 28),
	(80, 30),
	(81, 13),
	(81, 30),
	(82, 16),
	(82, 30),
	(83, 21),
	(83, 30),
	(85, 2),
	(85, 30),
	(86, 11),
	(86, 12),
	(86, 27),
	(86, 30),
	(87, 7),
	(87, 15),
	(87, 20),
	(87, 26),
	(87, 30),
	(88, 4),
	(88, 5),
	(88, 17),
	(88, 30),
	(89, 19),
	(89, 28),
	(89, 29),
	(89, 30),
	(90, 9),
	(90, 16),
	(90, 17),
	(90, 25),
	(90, 30),
	(91, 8),
	(91, 30),
	(92, 14),
	(92, 28),
	(92, 30),
	(93, 2),
	(93, 26),
	(93, 28),
	(93, 29),
	(93, 30),
	(94, 11),
	(94, 18),
	(94, 19),
	(94, 30),
	(95, 6),
	(95, 8),
	(95, 10),
	(95, 21),
	(95, 22),
	(95, 24),
	(95, 30),
	(96, 1),
	(96, 9),
	(96, 13),
	(96, 30),
	(97, 3),
	(97, 8),
	(97, 14),
	(97, 30),
	(98, 6),
	(98, 23),
	(98, 30),
	(99, 1),
	(99, 30);
/*!40000 ALTER TABLE `product_supplier` ENABLE KEYS */;

-- Exportiere Struktur von Tabelle it_project.rating
CREATE TABLE IF NOT EXISTS `rating` (
  `id` int(11) NOT NULL AUTO_INCREMENT,
  `user_id` int(11) NOT NULL,
  `supplier_id` int(11) NOT NULL,
  `price` tinyint(2) NOT NULL,
  `service` tinyint(2) NOT NULL,
  `customer_service` tinyint(2) NOT NULL,
  `delivery_time` tinyint(2) NOT NULL,
  `delivery_state` tinyint(2) NOT NULL,
  `punctual` tinyint(2) NOT NULL,
  `date` date NOT NULL,
  PRIMARY KEY (`id`),
  KEY `FK_rating_employee` (`user_id`),
  CONSTRAINT `FK_rating_employee` FOREIGN KEY (`user_id`) REFERENCES `employee` (`id`)
) ENGINE=InnoDB AUTO_INCREMENT=2513 DEFAULT CHARSET=utf8;

-- Exportiere Daten aus Tabelle it_project.rating: ~502 rows (ungefähr)
/*!40000 ALTER TABLE `rating` DISABLE KEYS */;
INSERT INTO `rating` (`id`, `user_id`, `supplier_id`, `price`, `service`, `customer_service`, `delivery_time`, `delivery_state`, `punctual`, `date`) VALUES
	(1, 1, 1, 5, 5, 5, 5, 5, 5, '2017-10-04'),
	(2, 1, 1, 1, 1, 1, 1, 1, 1, '2017-10-04'),
	(2003, 2, 29, 5, 3, 5, 4, 4, 4, '2017-09-12'),
	(2004, 8, 25, 4, 2, 1, 3, 2, 5, '2017-09-19'),
	(2005, 2, 23, 4, 1, 5, 3, 1, 5, '2017-01-15'),
	(2006, 4, 8, 3, 3, 3, 1, 2, 2, '2016-10-18'),
	(2007, 6, 28, 3, 4, 2, 4, 2, 4, '2017-12-10'),
	(2008, 2, 18, 1, 1, 1, 4, 5, 4, '2017-03-06'),
	(2009, 7, 6, 3, 1, 5, 4, 3, 2, '2017-12-22'),
	(2010, 3, 10, 1, 3, 2, 1, 3, 4, '2017-03-12'),
	(2011, 4, 26, 5, 3, 1, 2, 3, 4, '2017-01-07'),
	(2012, 3, 18, 4, 5, 3, 5, 5, 3, '2016-11-27'),
	(2013, 5, 26, 2, 3, 2, 4, 2, 3, '2017-07-07'),
	(2014, 4, 6, 5, 5, 5, 1, 4, 5, '2017-01-07'),
	(2015, 5, 28, 2, 1, 2, 3, 1, 3, '2017-12-28'),
	(2016, 5, 17, 3, 2, 3, 4, 3, 3, '2017-04-12'),
	(2017, 2, 20, 1, 3, 1, 1, 4, 3, '2017-12-28'),
	(2018, 9, 23, 5, 1, 2, 4, 5, 3, '2017-11-27'),
	(2019, 8, 1, 3, 2, 5, 5, 2, 2, '2017-09-26'),
	(2020, 5, 12, 1, 1, 4, 1, 4, 5, '2017-11-19'),
	(2021, 5, 22, 2, 2, 2, 4, 2, 2, '2017-09-22'),
	(2022, 4, 11, 1, 1, 4, 1, 4, 3, '2017-03-01'),
	(2023, 6, 2, 4, 1, 4, 3, 1, 3, '2017-03-06'),
	(2024, 3, 17, 2, 2, 4, 3, 5, 3, '2017-01-07'),
	(2025, 8, 19, 4, 2, 3, 4, 4, 3, '2017-06-01'),
	(2026, 9, 18, 2, 2, 3, 4, 5, 2, '2017-05-07'),
	(2027, 6, 7, 4, 1, 3, 5, 4, 1, '2017-01-02'),
	(2028, 9, 27, 3, 1, 1, 3, 1, 3, '2017-01-07'),
	(2029, 7, 10, 4, 4, 3, 1, 2, 2, '2017-10-19'),
	(2030, 4, 28, 3, 4, 1, 3, 1, 2, '2017-12-10'),
	(2031, 9, 3, 4, 5, 5, 2, 1, 4, '2017-12-02'),
	(2032, 5, 22, 4, 1, 2, 3, 3, 4, '2017-06-07'),
	(2033, 9, 22, 1, 2, 4, 1, 1, 5, '2017-02-20'),
	(2034, 1, 14, 5, 2, 4, 4, 3, 3, '2016-12-23'),
	(2035, 7, 25, 2, 2, 3, 2, 5, 4, '2017-09-21'),
	(2036, 3, 5, 1, 2, 5, 1, 4, 2, '2017-09-09'),
	(2037, 7, 27, 2, 1, 3, 3, 2, 3, '2017-11-01'),
	(2038, 8, 16, 1, 1, 3, 5, 2, 5, '2017-09-20'),
	(2039, 4, 21, 5, 1, 2, 4, 1, 2, '2017-09-17'),
	(2040, 9, 8, 5, 4, 4, 5, 5, 5, '2017-12-12'),
	(2041, 1, 4, 2, 5, 4, 5, 5, 4, '2017-10-29'),
	(2042, 7, 3, 5, 5, 3, 1, 5, 3, '2017-06-30'),
	(2043, 6, 16, 2, 3, 4, 3, 2, 4, '2017-07-23'),
	(2044, 2, 11, 5, 4, 3, 1, 1, 1, '2017-07-16'),
	(2045, 9, 24, 3, 3, 3, 4, 3, 1, '2017-02-14'),
	(2046, 7, 5, 4, 2, 2, 2, 2, 5, '2017-10-28'),
	(2047, 7, 20, 5, 3, 5, 5, 3, 3, '2017-09-15'),
	(2048, 5, 26, 2, 4, 2, 1, 4, 1, '2017-10-06'),
	(2049, 3, 19, 3, 5, 5, 2, 3, 1, '2016-12-22'),
	(2050, 5, 8, 3, 3, 1, 2, 2, 3, '2017-02-05'),
	(2051, 3, 17, 2, 3, 3, 1, 2, 5, '2017-08-30'),
	(2052, 4, 28, 4, 1, 3, 4, 4, 4, '2016-11-26'),
	(2053, 2, 10, 3, 5, 2, 2, 2, 1, '2017-09-12'),
	(2054, 7, 4, 5, 5, 2, 1, 3, 1, '2017-12-31'),
	(2055, 5, 29, 4, 1, 3, 4, 4, 5, '2017-01-28'),
	(2056, 4, 28, 2, 2, 2, 4, 3, 5, '2017-06-21'),
	(2057, 5, 8, 5, 2, 1, 2, 1, 3, '2017-09-26'),
	(2058, 6, 8, 1, 4, 3, 3, 5, 1, '2017-05-23'),
	(2059, 1, 18, 5, 2, 3, 2, 2, 3, '2017-05-31'),
	(2060, 8, 18, 3, 3, 1, 2, 2, 3, '2017-03-13'),
	(2061, 7, 12, 4, 4, 1, 3, 5, 4, '2017-04-30'),
	(2062, 9, 9, 1, 3, 3, 3, 5, 1, '2017-12-07'),
	(2063, 8, 11, 1, 5, 1, 4, 1, 5, '2017-10-31'),
	(2064, 8, 3, 4, 2, 2, 1, 2, 4, '2017-08-09'),
	(2065, 5, 17, 1, 2, 1, 4, 5, 5, '2017-11-08'),
	(2066, 2, 23, 3, 1, 1, 1, 2, 1, '2016-11-22'),
	(2067, 3, 14, 1, 4, 5, 3, 5, 5, '2017-04-18'),
	(2068, 9, 18, 3, 1, 4, 5, 3, 3, '2017-08-28'),
	(2069, 8, 4, 5, 3, 4, 4, 1, 1, '2016-10-14'),
	(2070, 7, 6, 3, 1, 3, 3, 4, 2, '2016-11-20'),
	(2071, 8, 29, 5, 2, 1, 5, 3, 1, '2017-11-23'),
	(2072, 7, 19, 5, 3, 1, 5, 5, 1, '2017-04-26'),
	(2073, 9, 3, 4, 4, 1, 5, 4, 4, '2017-06-12'),
	(2074, 5, 11, 1, 3, 4, 5, 1, 4, '2017-10-29'),
	(2075, 6, 7, 4, 1, 5, 2, 4, 1, '2017-07-10'),
	(2076, 6, 1, 2, 3, 5, 5, 4, 1, '2017-12-24'),
	(2077, 6, 18, 3, 3, 5, 3, 2, 1, '2017-03-23'),
	(2078, 3, 9, 3, 1, 4, 3, 4, 4, '2017-06-02'),
	(2079, 9, 26, 4, 5, 1, 3, 3, 4, '2017-03-03'),
	(2080, 5, 22, 5, 5, 1, 3, 3, 5, '2017-11-22'),
	(2081, 8, 18, 1, 1, 2, 1, 2, 4, '2017-05-06'),
	(2082, 4, 19, 4, 4, 5, 4, 3, 5, '2017-07-28'),
	(2083, 7, 8, 1, 3, 2, 1, 5, 2, '2017-08-08'),
	(2084, 5, 27, 4, 4, 4, 1, 2, 1, '2017-01-15'),
	(2085, 4, 21, 2, 4, 5, 1, 2, 2, '2017-06-07'),
	(2086, 5, 23, 4, 5, 2, 2, 3, 1, '2016-10-08'),
	(2087, 7, 6, 4, 3, 5, 2, 2, 2, '2017-07-22'),
	(2088, 4, 10, 1, 2, 2, 4, 5, 4, '2017-10-15'),
	(2089, 4, 9, 4, 3, 3, 4, 3, 3, '2017-10-04'),
	(2090, 7, 4, 5, 1, 2, 3, 5, 2, '2017-10-05'),
	(2091, 3, 26, 4, 4, 1, 3, 5, 4, '2017-11-13'),
	(2092, 2, 13, 4, 4, 3, 5, 1, 1, '2017-10-17'),
	(2093, 5, 28, 3, 5, 4, 3, 3, 5, '2017-04-12'),
	(2094, 9, 26, 3, 3, 4, 1, 2, 5, '2017-06-25'),
	(2095, 1, 7, 1, 5, 1, 5, 2, 1, '2017-11-09'),
	(2096, 7, 28, 2, 2, 2, 2, 5, 1, '2016-12-29'),
	(2097, 3, 3, 1, 5, 5, 1, 3, 4, '2017-03-31'),
	(2098, 2, 18, 3, 4, 5, 4, 4, 1, '2016-12-30'),
	(2099, 5, 5, 5, 2, 1, 4, 2, 4, '2017-07-12'),
	(2100, 7, 27, 4, 1, 4, 1, 5, 4, '2016-10-01'),
	(2101, 3, 10, 4, 1, 3, 2, 5, 5, '2017-02-10'),
	(2102, 2, 2, 4, 1, 5, 5, 3, 1, '2017-10-12'),
	(2103, 9, 2, 2, 4, 5, 4, 2, 1, '2017-09-02'),
	(2104, 9, 13, 4, 3, 4, 5, 2, 2, '2017-09-23'),
	(2105, 3, 1, 5, 4, 2, 4, 5, 5, '2017-10-16'),
	(2106, 1, 1, 2, 3, 2, 3, 5, 5, '2017-03-08'),
	(2107, 5, 25, 3, 1, 2, 2, 2, 4, '2017-03-10'),
	(2108, 5, 8, 5, 2, 1, 3, 1, 3, '2016-10-02'),
	(2109, 9, 21, 3, 5, 4, 1, 5, 1, '2017-02-25'),
	(2110, 8, 29, 3, 1, 3, 3, 4, 2, '2017-09-20'),
	(2111, 3, 23, 5, 4, 5, 3, 4, 1, '2017-06-21'),
	(2112, 9, 15, 3, 3, 4, 4, 4, 3, '2017-10-29'),
	(2113, 1, 17, 3, 4, 1, 1, 3, 3, '2017-12-06'),
	(2114, 5, 8, 1, 5, 1, 4, 5, 5, '2017-10-17'),
	(2115, 8, 4, 5, 3, 4, 3, 4, 1, '2017-01-27'),
	(2116, 9, 17, 1, 2, 3, 4, 4, 5, '2017-05-31'),
	(2117, 1, 1, 4, 1, 1, 3, 5, 4, '2017-03-23'),
	(2118, 2, 1, 5, 4, 1, 3, 2, 4, '2017-06-16'),
	(2119, 3, 8, 1, 2, 4, 4, 3, 3, '2017-04-13'),
	(2120, 3, 5, 3, 4, 2, 3, 4, 2, '2017-02-13'),
	(2121, 9, 19, 2, 2, 5, 1, 2, 2, '2017-08-03'),
	(2122, 8, 5, 2, 1, 5, 1, 5, 4, '2017-09-07'),
	(2123, 1, 8, 1, 5, 1, 3, 3, 3, '2017-03-17'),
	(2124, 3, 1, 5, 1, 5, 3, 3, 1, '2017-11-13'),
	(2125, 3, 10, 3, 2, 1, 1, 1, 3, '2016-10-30'),
	(2126, 2, 14, 5, 1, 2, 4, 4, 1, '2017-05-21'),
	(2127, 5, 7, 1, 3, 3, 2, 1, 1, '2016-12-03'),
	(2128, 1, 20, 3, 3, 5, 2, 3, 4, '2017-12-08'),
	(2129, 4, 23, 3, 4, 3, 2, 5, 5, '2017-10-14'),
	(2130, 9, 15, 2, 5, 4, 1, 4, 2, '2017-07-01'),
	(2131, 9, 3, 3, 4, 5, 4, 4, 5, '2017-03-23'),
	(2132, 6, 24, 4, 3, 3, 5, 4, 1, '2016-12-30'),
	(2133, 2, 5, 4, 3, 2, 2, 4, 4, '2016-11-10'),
	(2134, 5, 18, 3, 2, 1, 1, 4, 2, '2017-01-05'),
	(2135, 4, 4, 5, 3, 4, 4, 4, 4, '2017-03-28'),
	(2136, 9, 27, 1, 3, 4, 1, 1, 4, '2017-03-03'),
	(2137, 5, 28, 5, 2, 5, 2, 3, 3, '2017-02-27'),
	(2138, 7, 22, 5, 2, 4, 1, 5, 1, '2017-05-07'),
	(2139, 1, 12, 1, 4, 1, 2, 5, 4, '2017-08-30'),
	(2140, 1, 9, 3, 1, 2, 2, 3, 2, '2017-09-17'),
	(2141, 3, 20, 1, 2, 5, 3, 2, 4, '2017-09-18'),
	(2142, 4, 25, 1, 3, 3, 4, 4, 1, '2017-10-12'),
	(2143, 8, 10, 2, 2, 2, 5, 5, 4, '2017-08-30'),
	(2144, 8, 21, 4, 3, 2, 1, 5, 1, '2016-11-11'),
	(2145, 8, 25, 4, 4, 4, 5, 3, 2, '2016-12-22'),
	(2146, 1, 22, 2, 3, 4, 1, 1, 1, '2016-11-28'),
	(2147, 8, 16, 3, 1, 2, 3, 5, 2, '2017-06-11'),
	(2148, 3, 10, 5, 2, 2, 3, 4, 4, '2017-12-18'),
	(2149, 1, 23, 4, 4, 2, 3, 1, 1, '2017-08-21'),
	(2150, 6, 4, 2, 2, 4, 5, 1, 2, '2017-12-03'),
	(2151, 1, 3, 3, 4, 3, 1, 3, 5, '2017-12-28'),
	(2152, 2, 9, 1, 1, 1, 4, 4, 2, '2017-05-25'),
	(2153, 8, 11, 4, 4, 3, 3, 5, 4, '2017-03-23'),
	(2154, 7, 1, 3, 3, 5, 2, 5, 2, '2016-12-04'),
	(2155, 4, 22, 5, 2, 2, 1, 5, 3, '2017-01-22'),
	(2156, 9, 15, 3, 5, 1, 3, 3, 2, '2017-10-11'),
	(2157, 5, 16, 4, 3, 2, 5, 4, 5, '2017-12-12'),
	(2158, 7, 6, 1, 2, 2, 1, 4, 1, '2017-06-13'),
	(2159, 2, 24, 3, 2, 2, 4, 2, 3, '2017-02-08'),
	(2160, 7, 10, 1, 2, 2, 4, 5, 5, '2016-12-27'),
	(2161, 4, 29, 4, 1, 5, 2, 2, 4, '2016-11-08'),
	(2162, 4, 7, 4, 1, 1, 3, 3, 5, '2017-10-31'),
	(2163, 9, 23, 5, 1, 3, 5, 5, 4, '2017-12-20'),
	(2164, 4, 3, 1, 2, 4, 2, 4, 1, '2016-10-15'),
	(2165, 3, 11, 4, 4, 2, 2, 2, 1, '2017-12-02'),
	(2166, 7, 17, 2, 1, 1, 1, 5, 5, '2017-02-22'),
	(2167, 2, 14, 1, 3, 1, 1, 3, 3, '2017-10-30'),
	(2168, 8, 9, 4, 4, 1, 5, 4, 3, '2017-08-21'),
	(2169, 6, 5, 2, 4, 3, 5, 4, 3, '2016-11-13'),
	(2170, 8, 2, 3, 3, 2, 1, 4, 4, '2017-12-25'),
	(2171, 4, 21, 2, 1, 4, 1, 5, 1, '2016-10-29'),
	(2172, 7, 23, 3, 4, 5, 3, 1, 4, '2017-01-06'),
	(2173, 8, 16, 1, 3, 1, 5, 1, 5, '2017-10-11'),
	(2174, 1, 18, 5, 5, 2, 1, 1, 1, '2017-11-27'),
	(2175, 6, 6, 3, 2, 2, 1, 4, 1, '2017-07-26'),
	(2176, 9, 6, 1, 4, 3, 4, 4, 4, '2017-05-21'),
	(2177, 5, 2, 5, 4, 1, 1, 5, 5, '2017-10-20'),
	(2178, 9, 14, 2, 3, 3, 2, 5, 1, '2017-03-28'),
	(2179, 7, 22, 2, 1, 1, 1, 4, 5, '2017-03-17'),
	(2180, 7, 15, 2, 5, 4, 1, 4, 2, '2016-11-08'),
	(2181, 4, 25, 5, 2, 2, 1, 3, 4, '2017-07-20'),
	(2182, 4, 28, 3, 1, 3, 2, 5, 3, '2017-07-03'),
	(2183, 2, 19, 4, 3, 5, 4, 1, 1, '2017-01-01'),
	(2184, 7, 9, 1, 4, 3, 4, 2, 3, '2017-06-08'),
	(2185, 8, 12, 4, 3, 5, 3, 4, 5, '2017-06-27'),
	(2186, 4, 5, 2, 2, 3, 5, 5, 1, '2017-07-30'),
	(2187, 9, 11, 1, 1, 2, 3, 1, 1, '2017-11-07'),
	(2188, 5, 25, 1, 3, 5, 3, 2, 1, '2017-05-06'),
	(2189, 7, 12, 3, 5, 4, 5, 5, 5, '2017-12-19'),
	(2190, 4, 29, 4, 1, 3, 5, 4, 3, '2017-05-23'),
	(2191, 6, 27, 3, 2, 4, 2, 2, 4, '2017-11-01'),
	(2192, 8, 11, 2, 3, 1, 1, 3, 2, '2017-06-01'),
	(2193, 9, 22, 2, 3, 3, 3, 1, 5, '2016-12-22'),
	(2194, 4, 26, 2, 1, 5, 1, 3, 3, '2017-10-01'),
	(2195, 6, 29, 5, 2, 5, 2, 5, 3, '2017-11-16'),
	(2196, 4, 16, 5, 2, 2, 1, 1, 4, '2017-02-02'),
	(2197, 5, 16, 1, 5, 2, 4, 2, 5, '2017-09-25'),
	(2198, 3, 6, 5, 2, 2, 4, 3, 1, '2017-06-19'),
	(2199, 1, 10, 2, 2, 1, 5, 1, 4, '2017-03-18'),
	(2200, 4, 13, 1, 2, 5, 1, 3, 5, '2017-10-31'),
	(2201, 7, 6, 3, 1, 1, 2, 1, 4, '2016-10-13'),
	(2202, 3, 13, 1, 1, 1, 2, 5, 1, '2016-11-11'),
	(2203, 2, 17, 4, 4, 2, 4, 5, 4, '2016-10-11'),
	(2204, 7, 17, 1, 5, 1, 5, 3, 5, '2017-11-28'),
	(2205, 2, 12, 2, 2, 3, 5, 3, 2, '2017-09-22'),
	(2206, 2, 20, 2, 1, 4, 4, 3, 2, '2017-07-10'),
	(2207, 5, 24, 2, 4, 2, 4, 5, 3, '2017-07-29'),
	(2208, 1, 8, 3, 1, 5, 5, 4, 5, '2017-11-03'),
	(2209, 4, 6, 3, 1, 2, 4, 3, 4, '2017-02-13'),
	(2210, 6, 17, 2, 4, 3, 4, 3, 5, '2017-08-18'),
	(2211, 1, 20, 3, 5, 1, 3, 4, 2, '2017-08-11'),
	(2212, 1, 24, 4, 5, 3, 2, 1, 2, '2017-09-05'),
	(2213, 3, 24, 3, 2, 3, 2, 5, 2, '2017-06-12'),
	(2214, 3, 28, 5, 3, 4, 5, 3, 3, '2016-10-18'),
	(2215, 3, 3, 4, 1, 5, 3, 5, 2, '2017-12-04'),
	(2216, 3, 22, 2, 5, 2, 3, 5, 5, '2017-10-01'),
	(2217, 3, 24, 4, 3, 4, 2, 1, 4, '2017-09-14'),
	(2218, 4, 15, 4, 3, 1, 4, 5, 4, '2016-11-15'),
	(2219, 3, 3, 5, 4, 3, 5, 5, 1, '2017-11-19'),
	(2220, 6, 7, 2, 5, 5, 3, 3, 2, '2017-08-19'),
	(2221, 2, 12, 1, 4, 4, 4, 2, 1, '2016-11-14'),
	(2222, 9, 17, 3, 4, 5, 3, 1, 2, '2017-12-28'),
	(2223, 2, 7, 2, 4, 2, 5, 3, 4, '2017-01-29'),
	(2224, 2, 6, 4, 3, 4, 3, 2, 3, '2017-03-28'),
	(2225, 5, 27, 3, 1, 4, 2, 1, 3, '2017-03-20'),
	(2226, 7, 27, 3, 4, 2, 1, 1, 5, '2017-12-14'),
	(2227, 3, 6, 5, 4, 4, 4, 2, 5, '2017-01-09'),
	(2228, 4, 10, 1, 3, 4, 2, 3, 3, '2017-11-06'),
	(2229, 9, 10, 1, 3, 3, 4, 3, 5, '2017-11-18'),
	(2230, 3, 12, 3, 4, 1, 5, 5, 1, '2017-04-05'),
	(2231, 7, 18, 3, 4, 1, 5, 1, 3, '2017-08-26'),
	(2232, 3, 16, 3, 2, 5, 5, 4, 3, '2016-11-19'),
	(2233, 4, 12, 5, 2, 2, 2, 2, 1, '2017-11-05'),
	(2234, 7, 11, 2, 4, 3, 5, 1, 5, '2017-09-10'),
	(2235, 3, 10, 5, 3, 4, 2, 4, 1, '2017-06-02'),
	(2236, 5, 19, 3, 2, 5, 3, 5, 5, '2017-11-25'),
	(2237, 2, 4, 5, 1, 5, 2, 3, 5, '2017-10-28'),
	(2238, 9, 1, 2, 2, 5, 5, 2, 5, '2017-02-23'),
	(2239, 1, 15, 1, 5, 5, 1, 3, 3, '2016-12-08'),
	(2240, 4, 24, 3, 5, 4, 4, 4, 4, '2017-09-11'),
	(2241, 8, 28, 5, 5, 1, 5, 4, 4, '2017-11-01'),
	(2242, 6, 1, 1, 4, 4, 3, 1, 5, '2016-11-29'),
	(2243, 1, 17, 4, 3, 3, 5, 1, 4, '2017-05-23'),
	(2244, 8, 1, 4, 3, 1, 4, 5, 3, '2016-10-04'),
	(2245, 9, 27, 3, 4, 2, 1, 2, 2, '2017-09-20'),
	(2246, 3, 12, 1, 3, 5, 4, 5, 5, '2017-11-12'),
	(2247, 2, 19, 2, 2, 4, 3, 4, 4, '2017-12-13'),
	(2248, 7, 18, 1, 5, 3, 2, 5, 1, '2017-02-25'),
	(2249, 3, 9, 2, 3, 4, 2, 2, 1, '2017-08-11'),
	(2250, 3, 11, 4, 2, 2, 1, 4, 2, '2017-02-07'),
	(2251, 4, 28, 5, 5, 5, 1, 1, 5, '2016-12-31'),
	(2252, 3, 19, 3, 2, 3, 4, 2, 5, '2017-03-11'),
	(2253, 3, 23, 4, 1, 3, 1, 2, 1, '2017-01-30'),
	(2254, 1, 22, 4, 2, 2, 4, 2, 4, '2017-01-31'),
	(2255, 3, 18, 1, 1, 2, 3, 2, 4, '2016-10-11'),
	(2256, 8, 18, 4, 5, 1, 5, 5, 4, '2017-12-10'),
	(2257, 3, 21, 2, 1, 1, 1, 2, 2, '2017-06-02'),
	(2258, 8, 10, 1, 5, 2, 3, 5, 3, '2017-09-29'),
	(2259, 2, 2, 3, 3, 4, 5, 2, 1, '2017-07-25'),
	(2260, 4, 9, 5, 2, 4, 5, 5, 3, '2017-12-27'),
	(2261, 2, 5, 1, 3, 4, 1, 3, 2, '2017-10-14'),
	(2262, 7, 18, 5, 4, 5, 2, 4, 5, '2017-01-02'),
	(2263, 6, 2, 4, 5, 4, 2, 5, 2, '2017-02-26'),
	(2264, 1, 18, 2, 3, 3, 3, 1, 5, '2017-04-06'),
	(2265, 5, 22, 1, 5, 5, 2, 2, 4, '2017-10-18'),
	(2266, 5, 10, 1, 2, 1, 5, 2, 5, '2017-09-22'),
	(2267, 9, 8, 3, 5, 5, 5, 5, 5, '2017-03-09'),
	(2268, 8, 18, 5, 1, 2, 2, 3, 1, '2017-11-05'),
	(2269, 8, 8, 4, 3, 2, 5, 2, 3, '2017-02-06'),
	(2270, 8, 14, 4, 4, 2, 5, 1, 5, '2016-10-15'),
	(2271, 6, 13, 1, 3, 3, 2, 1, 1, '2017-11-23'),
	(2272, 4, 9, 5, 5, 1, 2, 2, 2, '2017-08-19'),
	(2273, 6, 11, 3, 3, 1, 2, 2, 2, '2017-03-11'),
	(2274, 6, 3, 2, 1, 1, 2, 3, 1, '2017-01-09'),
	(2275, 1, 28, 1, 5, 5, 1, 1, 5, '2017-02-07'),
	(2276, 5, 27, 3, 3, 5, 4, 3, 1, '2017-08-13'),
	(2277, 7, 14, 5, 5, 5, 1, 1, 5, '2017-07-03'),
	(2278, 5, 29, 5, 3, 2, 4, 1, 2, '2017-12-23'),
	(2279, 5, 6, 2, 1, 2, 4, 3, 2, '2017-12-01'),
	(2280, 5, 18, 1, 2, 2, 4, 5, 4, '2016-11-27'),
	(2281, 6, 21, 5, 5, 2, 4, 4, 4, '2017-06-04'),
	(2282, 8, 26, 4, 4, 5, 2, 2, 4, '2016-11-26'),
	(2283, 9, 26, 1, 1, 3, 1, 4, 2, '2016-11-26'),
	(2284, 1, 1, 3, 3, 2, 2, 1, 4, '2016-11-11'),
	(2285, 9, 3, 1, 2, 4, 3, 5, 4, '2017-06-19'),
	(2286, 5, 25, 5, 3, 2, 3, 2, 3, '2017-02-25'),
	(2287, 8, 6, 5, 4, 1, 5, 5, 2, '2017-11-23'),
	(2288, 1, 22, 5, 5, 4, 2, 3, 3, '2017-10-12'),
	(2289, 6, 19, 3, 4, 4, 3, 5, 2, '2017-01-01'),
	(2290, 2, 29, 2, 1, 3, 2, 3, 2, '2017-10-16'),
	(2291, 9, 1, 4, 4, 3, 3, 2, 1, '2016-12-12'),
	(2292, 1, 11, 1, 1, 1, 5, 4, 2, '2016-11-05'),
	(2293, 4, 1, 1, 3, 2, 3, 2, 1, '2017-03-20'),
	(2294, 1, 26, 3, 2, 3, 5, 1, 4, '2017-07-02'),
	(2295, 8, 1, 4, 3, 1, 5, 3, 4, '2017-04-12'),
	(2296, 9, 10, 1, 3, 4, 3, 4, 5, '2016-10-30'),
	(2297, 6, 24, 3, 5, 4, 1, 4, 5, '2016-12-08'),
	(2298, 1, 10, 3, 1, 4, 1, 2, 3, '2017-06-18'),
	(2299, 6, 7, 1, 3, 4, 2, 1, 4, '2017-01-31'),
	(2300, 2, 19, 5, 5, 2, 2, 5, 4, '2017-02-15'),
	(2301, 8, 15, 4, 3, 4, 3, 1, 1, '2016-10-31'),
	(2302, 6, 9, 2, 2, 2, 3, 2, 1, '2017-11-07'),
	(2303, 9, 29, 1, 2, 4, 3, 1, 1, '2016-12-26'),
	(2304, 6, 15, 5, 2, 2, 4, 1, 5, '2016-11-10'),
	(2305, 5, 28, 3, 4, 1, 3, 4, 4, '2017-08-12'),
	(2306, 9, 17, 2, 1, 1, 3, 1, 5, '2017-05-10'),
	(2307, 1, 9, 5, 3, 2, 5, 2, 4, '2017-01-10'),
	(2308, 6, 1, 5, 3, 4, 3, 1, 1, '2017-12-09'),
	(2309, 7, 19, 2, 1, 3, 3, 3, 1, '2016-11-07'),
	(2310, 4, 12, 3, 4, 4, 1, 3, 2, '2017-02-02'),
	(2311, 6, 13, 1, 5, 4, 3, 3, 3, '2017-12-22'),
	(2312, 3, 27, 5, 5, 2, 5, 4, 4, '2017-10-11'),
	(2313, 4, 20, 5, 2, 1, 5, 2, 5, '2017-05-21'),
	(2314, 2, 12, 5, 5, 1, 3, 2, 4, '2017-11-14'),
	(2315, 4, 11, 2, 2, 5, 5, 1, 2, '2017-01-22'),
	(2316, 6, 18, 4, 5, 2, 1, 1, 2, '2017-11-06'),
	(2317, 7, 4, 3, 4, 4, 3, 3, 4, '2016-10-14'),
	(2318, 1, 6, 1, 3, 4, 3, 2, 2, '2017-08-30'),
	(2319, 2, 21, 1, 3, 4, 1, 4, 4, '2017-02-10'),
	(2320, 1, 15, 4, 2, 5, 2, 5, 5, '2017-10-16'),
	(2321, 4, 5, 3, 1, 4, 3, 4, 1, '2017-04-21'),
	(2322, 2, 8, 2, 2, 3, 4, 2, 2, '2017-11-13'),
	(2323, 8, 27, 3, 3, 3, 4, 4, 4, '2016-11-07'),
	(2324, 6, 9, 1, 2, 1, 5, 5, 3, '2017-02-13'),
	(2325, 6, 12, 4, 5, 5, 4, 5, 4, '2017-07-20'),
	(2326, 6, 21, 5, 2, 1, 5, 4, 1, '2016-10-06'),
	(2327, 8, 12, 5, 4, 3, 5, 1, 3, '2017-05-03'),
	(2328, 9, 9, 1, 2, 4, 1, 3, 4, '2017-06-05'),
	(2329, 1, 4, 2, 1, 1, 3, 5, 4, '2016-10-11'),
	(2330, 9, 3, 1, 1, 1, 3, 3, 5, '2017-10-03'),
	(2331, 5, 4, 2, 1, 5, 5, 1, 1, '2017-01-01'),
	(2332, 4, 27, 5, 3, 4, 4, 1, 1, '2017-04-25'),
	(2333, 8, 25, 5, 5, 2, 3, 1, 3, '2017-05-29'),
	(2334, 9, 12, 3, 3, 2, 2, 1, 5, '2017-04-18'),
	(2335, 3, 25, 3, 5, 5, 3, 5, 5, '2017-12-15'),
	(2336, 9, 8, 3, 4, 3, 4, 5, 4, '2017-08-17'),
	(2337, 2, 9, 4, 5, 4, 4, 2, 1, '2017-10-06'),
	(2338, 4, 4, 3, 4, 2, 2, 3, 2, '2017-01-09'),
	(2339, 1, 20, 2, 3, 3, 3, 2, 2, '2017-10-31'),
	(2340, 5, 26, 2, 4, 2, 4, 3, 4, '2017-07-24'),
	(2341, 5, 6, 4, 1, 5, 2, 3, 4, '2017-03-22'),
	(2342, 5, 5, 2, 1, 1, 1, 2, 4, '2016-10-22'),
	(2343, 8, 29, 2, 4, 4, 3, 4, 3, '2017-02-03'),
	(2344, 7, 1, 2, 1, 3, 4, 3, 3, '2017-05-31'),
	(2345, 3, 5, 5, 4, 1, 5, 3, 2, '2016-11-09'),
	(2346, 9, 6, 2, 1, 4, 4, 5, 4, '2017-07-23'),
	(2347, 6, 7, 3, 2, 1, 3, 4, 3, '2017-12-11'),
	(2348, 4, 13, 4, 1, 4, 1, 3, 2, '2017-11-17'),
	(2349, 1, 28, 5, 1, 4, 1, 5, 2, '2017-01-22'),
	(2350, 4, 17, 1, 1, 4, 3, 5, 4, '2017-06-29'),
	(2351, 4, 26, 1, 2, 3, 2, 1, 1, '2017-02-04'),
	(2352, 7, 15, 2, 4, 1, 2, 1, 4, '2017-08-07'),
	(2353, 4, 28, 1, 3, 2, 3, 1, 3, '2017-02-02'),
	(2354, 5, 28, 3, 4, 1, 3, 5, 5, '2017-07-23'),
	(2355, 1, 12, 2, 3, 2, 5, 1, 5, '2017-02-04'),
	(2356, 1, 25, 3, 4, 4, 1, 5, 3, '2017-04-01'),
	(2357, 1, 3, 3, 4, 2, 4, 3, 4, '2017-04-13'),
	(2358, 6, 19, 1, 5, 1, 1, 2, 2, '2017-07-16'),
	(2359, 1, 18, 5, 2, 5, 5, 4, 3, '2017-10-03'),
	(2360, 4, 22, 5, 3, 4, 3, 3, 2, '2016-11-28'),
	(2361, 7, 13, 4, 1, 4, 2, 3, 1, '2016-10-29'),
	(2362, 3, 15, 2, 5, 3, 3, 1, 3, '2017-02-07'),
	(2363, 1, 28, 1, 2, 3, 3, 2, 5, '2017-10-19'),
	(2364, 3, 13, 5, 5, 4, 5, 5, 3, '2017-05-04'),
	(2365, 8, 20, 2, 2, 4, 3, 5, 3, '2016-12-22'),
	(2366, 2, 5, 4, 4, 5, 1, 2, 4, '2017-04-08'),
	(2367, 5, 16, 4, 2, 3, 5, 5, 1, '2017-12-22'),
	(2368, 5, 15, 4, 5, 5, 4, 1, 3, '2017-02-02'),
	(2369, 3, 25, 2, 3, 3, 5, 3, 3, '2017-11-14'),
	(2370, 8, 22, 5, 2, 2, 1, 1, 5, '2017-01-28'),
	(2371, 5, 9, 1, 4, 5, 3, 2, 2, '2017-11-27'),
	(2372, 9, 3, 3, 2, 5, 3, 3, 1, '2017-04-27'),
	(2373, 7, 9, 3, 1, 4, 2, 4, 5, '2017-10-20'),
	(2374, 7, 4, 2, 1, 2, 1, 5, 2, '2016-10-03'),
	(2375, 7, 8, 5, 3, 4, 4, 3, 2, '2017-02-05'),
	(2376, 3, 11, 5, 5, 4, 1, 5, 3, '2017-08-08'),
	(2377, 7, 12, 3, 3, 2, 4, 2, 5, '2016-12-18'),
	(2378, 4, 17, 1, 4, 3, 4, 4, 3, '2016-10-07'),
	(2379, 2, 1, 1, 1, 5, 1, 2, 5, '2017-11-10'),
	(2380, 1, 25, 4, 4, 4, 1, 2, 1, '2017-08-02'),
	(2381, 7, 11, 5, 3, 1, 5, 1, 3, '2016-12-15'),
	(2382, 2, 6, 1, 3, 1, 3, 4, 5, '2016-11-08'),
	(2383, 4, 28, 4, 2, 2, 3, 2, 4, '2017-08-12'),
	(2384, 7, 13, 1, 3, 2, 4, 4, 1, '2017-07-10'),
	(2385, 8, 6, 3, 2, 3, 4, 1, 3, '2017-01-24'),
	(2386, 2, 29, 5, 3, 4, 4, 5, 2, '2017-04-27'),
	(2387, 3, 16, 5, 4, 1, 4, 3, 5, '2017-07-26'),
	(2388, 6, 1, 1, 1, 5, 4, 5, 2, '2017-06-08'),
	(2389, 8, 20, 3, 1, 4, 3, 3, 5, '2017-05-20'),
	(2390, 4, 11, 1, 2, 2, 2, 3, 4, '2017-01-27'),
	(2391, 4, 15, 5, 5, 2, 3, 4, 4, '2017-03-03'),
	(2392, 2, 2, 3, 2, 5, 5, 4, 4, '2017-07-06'),
	(2393, 3, 12, 1, 3, 3, 4, 3, 1, '2017-07-16'),
	(2394, 7, 18, 3, 3, 2, 3, 4, 4, '2017-02-12'),
	(2395, 3, 10, 4, 4, 1, 3, 5, 4, '2017-04-13'),
	(2396, 2, 2, 3, 5, 4, 2, 5, 2, '2017-02-08'),
	(2397, 8, 8, 1, 5, 3, 1, 4, 3, '2017-03-08'),
	(2398, 4, 11, 3, 2, 4, 2, 4, 2, '2017-09-05'),
	(2399, 4, 14, 5, 5, 2, 2, 2, 1, '2017-08-09'),
	(2400, 1, 7, 1, 2, 4, 1, 4, 5, '2017-10-14'),
	(2401, 4, 22, 4, 4, 2, 1, 5, 1, '2016-10-13'),
	(2402, 1, 18, 2, 2, 4, 2, 4, 1, '2017-10-16'),
	(2403, 5, 16, 2, 4, 5, 1, 5, 1, '2017-04-02'),
	(2404, 5, 16, 4, 2, 3, 3, 5, 4, '2017-06-07'),
	(2405, 3, 23, 4, 4, 4, 1, 5, 4, '2017-05-18'),
	(2406, 1, 26, 5, 2, 5, 4, 5, 4, '2017-04-02'),
	(2407, 3, 26, 4, 4, 2, 1, 1, 5, '2017-11-08'),
	(2408, 7, 15, 2, 3, 3, 5, 3, 2, '2017-01-26'),
	(2409, 6, 14, 1, 1, 3, 3, 1, 1, '2017-05-20'),
	(2410, 4, 15, 2, 2, 5, 3, 1, 1, '2017-09-12'),
	(2411, 3, 23, 2, 2, 5, 5, 1, 3, '2017-05-05'),
	(2412, 3, 14, 5, 5, 3, 1, 5, 3, '2017-09-30'),
	(2413, 7, 11, 5, 5, 4, 2, 3, 2, '2017-02-08'),
	(2414, 9, 7, 2, 4, 5, 5, 3, 2, '2017-08-02'),
	(2415, 2, 19, 1, 5, 5, 4, 2, 3, '2017-09-03'),
	(2416, 2, 17, 5, 5, 1, 1, 5, 2, '2017-02-20'),
	(2417, 7, 10, 2, 5, 3, 2, 5, 2, '2017-06-15'),
	(2418, 5, 14, 5, 4, 1, 2, 4, 3, '2017-09-25'),
	(2419, 3, 20, 2, 1, 3, 1, 5, 3, '2017-06-19'),
	(2420, 4, 10, 3, 4, 1, 1, 1, 1, '2017-02-14'),
	(2421, 5, 3, 5, 3, 3, 2, 3, 5, '2016-11-03'),
	(2422, 3, 21, 2, 4, 2, 2, 1, 3, '2016-11-11'),
	(2423, 3, 16, 4, 4, 3, 1, 5, 3, '2017-06-27'),
	(2424, 8, 16, 2, 2, 5, 4, 3, 1, '2017-11-19'),
	(2425, 2, 29, 5, 2, 4, 3, 1, 2, '2017-12-26'),
	(2426, 3, 27, 4, 5, 2, 1, 3, 4, '2017-04-29'),
	(2427, 9, 26, 1, 1, 3, 2, 1, 5, '2016-12-23'),
	(2428, 6, 22, 2, 4, 2, 5, 5, 2, '2017-09-06'),
	(2429, 6, 9, 2, 3, 1, 1, 3, 4, '2017-07-05'),
	(2430, 6, 28, 1, 1, 3, 3, 1, 5, '2017-02-15'),
	(2431, 8, 12, 3, 4, 5, 1, 5, 5, '2016-11-05'),
	(2432, 1, 25, 1, 4, 2, 4, 1, 2, '2017-02-03'),
	(2433, 3, 5, 1, 3, 4, 5, 5, 1, '2017-01-16'),
	(2434, 5, 29, 3, 5, 1, 2, 5, 1, '2017-01-12'),
	(2435, 4, 16, 1, 2, 5, 4, 1, 2, '2017-12-26'),
	(2436, 4, 26, 2, 3, 3, 1, 5, 3, '2017-07-27'),
	(2437, 1, 1, 1, 2, 2, 5, 4, 5, '2016-10-31'),
	(2438, 4, 16, 3, 3, 2, 2, 3, 4, '2017-01-31'),
	(2439, 1, 18, 4, 4, 4, 5, 1, 5, '2017-08-24'),
	(2440, 5, 19, 2, 2, 4, 4, 4, 3, '2017-05-15'),
	(2441, 2, 18, 3, 3, 3, 3, 2, 4, '2017-05-24'),
	(2442, 4, 14, 2, 3, 4, 5, 2, 1, '2017-07-08'),
	(2443, 2, 22, 4, 3, 3, 2, 5, 1, '2017-10-14'),
	(2444, 2, 10, 1, 4, 5, 4, 1, 2, '2016-12-17'),
	(2445, 1, 3, 3, 1, 4, 4, 5, 4, '2017-07-08'),
	(2446, 3, 14, 5, 2, 1, 5, 1, 5, '2017-10-06'),
	(2447, 7, 20, 5, 5, 2, 1, 1, 3, '2017-12-21'),
	(2448, 5, 17, 5, 4, 2, 5, 5, 4, '2016-10-17'),
	(2449, 2, 10, 5, 3, 4, 2, 3, 4, '2017-11-11'),
	(2450, 5, 5, 3, 5, 1, 4, 3, 4, '2017-06-10'),
	(2451, 7, 17, 2, 3, 5, 3, 3, 3, '2017-02-08'),
	(2452, 1, 21, 2, 1, 3, 2, 5, 5, '2017-04-05'),
	(2453, 3, 23, 4, 2, 1, 2, 2, 1, '2017-02-24'),
	(2454, 6, 7, 5, 3, 4, 5, 2, 5, '2017-07-13'),
	(2455, 6, 26, 4, 3, 4, 4, 4, 1, '2017-11-15'),
	(2456, 8, 1, 1, 1, 3, 5, 5, 2, '2017-07-06'),
	(2457, 1, 11, 1, 1, 2, 2, 3, 3, '2017-11-19'),
	(2458, 7, 9, 1, 4, 2, 4, 4, 5, '2017-07-03'),
	(2459, 6, 24, 5, 1, 1, 4, 4, 5, '2017-06-12'),
	(2460, 2, 5, 3, 4, 3, 2, 4, 1, '2017-07-31'),
	(2461, 6, 23, 2, 3, 4, 1, 4, 1, '2017-10-23'),
	(2462, 1, 21, 3, 3, 2, 3, 5, 5, '2017-01-31'),
	(2463, 7, 24, 1, 2, 5, 2, 3, 3, '2017-12-15'),
	(2464, 2, 8, 3, 1, 3, 5, 1, 5, '2016-12-21'),
	(2465, 6, 22, 5, 1, 2, 4, 1, 3, '2017-03-24'),
	(2466, 8, 4, 3, 1, 5, 3, 5, 4, '2017-11-18'),
	(2467, 1, 2, 1, 3, 3, 5, 4, 1, '2017-12-29'),
	(2468, 8, 15, 3, 4, 1, 2, 4, 4, '2017-05-14'),
	(2469, 9, 1, 3, 5, 2, 4, 3, 2, '2016-11-09'),
	(2470, 7, 6, 5, 5, 5, 2, 3, 4, '2017-01-25'),
	(2471, 9, 27, 3, 2, 4, 2, 2, 3, '2017-02-14'),
	(2472, 4, 10, 4, 2, 4, 3, 3, 3, '2017-12-11'),
	(2473, 5, 28, 2, 2, 3, 1, 2, 3, '2016-11-23'),
	(2474, 8, 29, 1, 2, 1, 1, 3, 1, '2017-05-26'),
	(2475, 7, 13, 1, 2, 5, 5, 5, 3, '2017-03-04'),
	(2476, 1, 16, 5, 1, 4, 2, 5, 2, '2017-07-13'),
	(2477, 8, 8, 3, 3, 4, 2, 4, 1, '2017-02-06'),
	(2478, 7, 3, 2, 2, 5, 5, 2, 3, '2017-09-10'),
	(2479, 5, 10, 5, 4, 3, 3, 4, 4, '2017-09-10'),
	(2480, 6, 24, 1, 1, 5, 3, 2, 3, '2017-07-14'),
	(2481, 7, 14, 2, 4, 1, 3, 5, 5, '2017-07-29'),
	(2482, 8, 6, 5, 4, 3, 4, 2, 1, '2017-01-09'),
	(2483, 6, 27, 1, 1, 5, 4, 3, 3, '2017-06-07'),
	(2484, 3, 12, 3, 3, 4, 4, 4, 1, '2017-03-01'),
	(2485, 8, 5, 1, 2, 1, 4, 3, 3, '2017-01-31'),
	(2486, 4, 20, 4, 1, 1, 4, 3, 3, '2017-04-07'),
	(2487, 7, 12, 5, 5, 2, 2, 2, 1, '2017-11-03'),
	(2488, 7, 6, 2, 4, 1, 3, 4, 3, '2017-12-22'),
	(2489, 6, 4, 4, 5, 5, 3, 4, 1, '2017-03-29'),
	(2490, 7, 24, 4, 3, 5, 2, 5, 4, '2017-11-30'),
	(2491, 9, 12, 5, 1, 3, 4, 4, 1, '2016-11-03'),
	(2492, 1, 6, 3, 4, 1, 1, 1, 2, '2017-10-02'),
	(2493, 4, 20, 2, 4, 3, 2, 1, 3, '2017-11-09'),
	(2494, 3, 16, 4, 3, 5, 5, 4, 1, '2017-02-13'),
	(2495, 8, 24, 5, 4, 5, 4, 2, 3, '2017-11-22'),
	(2496, 2, 21, 5, 1, 1, 3, 1, 5, '2017-04-14'),
	(2497, 2, 24, 2, 3, 4, 1, 1, 1, '2017-10-29'),
	(2498, 4, 12, 1, 4, 4, 2, 4, 1, '2017-09-22'),
	(2499, 5, 13, 5, 1, 4, 4, 3, 2, '2017-08-27'),
	(2500, 4, 2, 1, 1, 4, 4, 5, 5, '2017-08-18'),
	(2501, 2, 29, 1, 2, 5, 5, 2, 1, '2017-11-26'),
	(2502, 7, 22, 4, 4, 4, 5, 2, 5, '2017-06-11'),
	(2503, 1, 1, 1, 0, 3, 4, 5, 5, '2017-12-05'),
	(2504, 1, 49, 1, 0, 1, 1, 1, 1, '2017-12-05'),
	(2505, 1, 0, 1, 0, 1, 1, 1, 1, '2017-12-05'),
	(2506, 1, 29, 1, 0, 1, 1, 1, 1, '2017-12-05'),
	(2507, 1, 5, 1, 1, 1, 1, 1, 1, '2017-12-05'),
	(2508, 1, 0, 1, 1, 1, 1, 1, 1, '2017-12-05'),
	(2509, 1, 29, 1, 1, 1, 1, 1, 1, '2017-12-05'),
	(2510, 1, 29, 2, 2, 2, 2, 2, 2, '2017-12-05'),
	(2511, 1, 5, 4, 4, 3, 2, 3, 4, '2017-12-05'),
	(2512, 1, 28, 2, 2, 3, 4, 2, 5, '2017-12-06');
/*!40000 ALTER TABLE `rating` ENABLE KEYS */;

-- Exportiere Struktur von Tabelle it_project.supplier
CREATE TABLE IF NOT EXISTS `supplier` (
  `id` int(11) NOT NULL AUTO_INCREMENT,
  `company` varchar(50) NOT NULL,
  `last_name` varchar(50) NOT NULL,
  `first_name` varchar(50) NOT NULL,
  `email_address` varchar(50) NOT NULL,
  `business_phone` varchar(25) NOT NULL,
  `mobile_phone` varchar(25) DEFAULT NULL,
  `fax_number` varchar(25) DEFAULT NULL,
  `address` longtext NOT NULL,
  `city` varchar(50) NOT NULL,
  `zip_postal_code` varchar(15) NOT NULL,
  `country_region` varchar(50) NOT NULL,
  `IBAN` varchar(34) DEFAULT NULL,
  `BIC` varchar(11) DEFAULT NULL,
  PRIMARY KEY (`id`),
  KEY `city` (`city`),
  KEY `company` (`company`),
  KEY `zip_postal_code` (`zip_postal_code`)
) ENGINE=InnoDB AUTO_INCREMENT=53 DEFAULT CHARSET=utf8;

-- Exportiere Daten aus Tabelle it_project.supplier: ~30 rows (ungefähr)
/*!40000 ALTER TABLE `supplier` DISABLE KEYS */;
INSERT INTO `supplier` (`id`, `company`, `last_name`, `first_name`, `email_address`, `business_phone`, `mobile_phone`, `fax_number`, `address`, `city`, `zip_postal_code`, `country_region`, `IBAN`, `BIC`) VALUES
	(1, 'Company A', 'Bedecs', 'Anna', 'test@test.test', '(123)555-0100', NULL, '(123)555-0101', '123 1st Street', 'Seattle', '99999', 'USA', NULL, NULL),
	(2, 'Company B', 'Gratacos Solsona', 'Antonio', 'test@test.test', '(123)555-0100', NULL, '(123)555-0101', '123 2nd Street', 'Boston', '99999', 'USA', NULL, NULL),
	(3, 'Company C', 'Axen', 'Thomas', 'test@test.test', '(123)555-0100', NULL, '(123)555-0101', '123 3rd Street', 'Los Angelas', '99999', 'USA', NULL, NULL),
	(4, 'Company D', 'Lee', 'Christina', 'test@test.test', '(123)555-0100', NULL, '(123)555-0101', '123 4th Street', 'New York', '99999', 'USA', NULL, NULL),
	(5, 'Company E', 'ODonnell', 'Martin', 'test@test.test', '(123)555-0100', NULL, '(123)555-0101', '123 5th Street', 'Minneapolis', '99999', 'USA', NULL, NULL),
	(6, 'Company F', 'Perez-Olaeta', 'Francisco', 'test@test.test', '(123)555-0100', NULL, '(123)555-0101', '123 6th Street', 'Milwaukee', '99999', 'USA', NULL, NULL),
	(7, 'Company G', 'Xie', 'Ming-Yang', 'test@test.test', '(123)555-0100', NULL, '(123)555-0101', '123 7th Street', 'Boise', '99999', 'USA', NULL, NULL),
	(8, 'Company H', 'Andersen', 'Elizabeth', 'test@test.test', '(123)555-0100', NULL, '(123)555-0101', '123 8th Street', 'Portland', '99999', 'USA', NULL, NULL),
	(9, 'Company I', 'Mortensen', 'Sven', 'test@test.test', '(123)555-0100', NULL, '(123)555-0101', '123 9th Street', 'Salt Lake City', '99999', 'USA', NULL, NULL),
	(10, 'Company J', 'Wacker', 'Roland', 'test@test.test', '(123)555-0100', NULL, '(123)555-0101', '123 10th Street', 'Chicago', '99999', 'USA', NULL, NULL),
	(11, 'Company K', 'Krschne', 'Peter', 'test@test.test', '(123)555-0100', NULL, '(123)555-0101', '123 11th Street', 'Miami', '99999', 'USA', NULL, NULL),
	(12, 'Company L', 'Edwards', 'John', 'test@test.test', '(123)555-0100', NULL, '(123)555-0101', '123 12th Street', 'Las Vegas', '99999', 'USA', NULL, NULL),
	(13, 'Company M', 'Ludick', 'Andre', 'test@test.test', '(123)555-0100', NULL, '(123)555-0101', '456 13th Street', 'Memphis', '99999', 'USA', NULL, NULL),
	(14, 'Company N', 'Grilo', 'Carlos', 'test@test.test', '(123)555-0100', NULL, '(123)555-0101', '456 14th Street', 'Denver', '99999', 'USA', NULL, NULL),
	(15, 'Company O', 'Kupkova', 'Helena', 'test@test.test', '(123)555-0100', NULL, '(123)555-0101', '456 15th Street', 'Honolulu', '99999', 'USA', NULL, NULL),
	(16, 'Company P', 'Goldschmidt', 'Daniel', 'test@test.test', '(123)555-0100', NULL, '(123)555-0101', '456 16th Street', 'San Francisco', '99999', 'USA', NULL, NULL),
	(17, 'Company Q', 'Bagel', 'Jean Philippe', 'test@test.test', '(123)555-0100', NULL, '(123)555-0101', '456 17th Street', 'Seattle', '99999', 'USA', NULL, NULL),
	(18, 'Company R', 'Autier Miconi', 'Catherine', 'test@test.test', '(123)555-0100', NULL, '(123)555-0101', '456 18th Street', 'Boston', '99999', 'USA', NULL, NULL),
	(19, 'Company S', 'Eggerer', 'Alexander', 'test@test.test', '(123)555-0100', NULL, '(123)555-0101', '789 19th Street', 'Los Angelas', '99999', 'USA', NULL, NULL),
	(20, 'Company T', 'Li', 'George', 'test@test.test', '(123)555-0100', NULL, '(123)555-0101', '789 20th Street', 'New York', '99999', 'USA', NULL, NULL),
	(21, 'Company U', 'Tham', 'Bernard', 'test@test.test', '(123)555-0100', NULL, '(123)555-0101', '789 21th Street', 'Minneapolis', '99999', 'USA', NULL, NULL),
	(22, 'Company V', 'Ramos', 'Luciana', 'test@test.test', '(123)555-0100', NULL, '(123)555-0101', '789 22th Street', 'Milwaukee', '99999', 'USA', NULL, NULL),
	(23, 'Company W', 'Entin', 'Michael', 'test@test.test', '(123)555-0100', NULL, '(123)555-0101', '789 23th Street', 'Portland', '99999', 'USA', NULL, NULL),
	(24, 'Company X', 'Hasselberg', 'Jonas', 'test@test.test', '(123)555-0100', NULL, '(123)555-0101', '789 24th Street', 'Salt Lake City', '99999', 'USA', NULL, NULL),
	(25, 'Company Y', 'Rodman', 'John', 'test@test.test', '(123)555-0100', NULL, '(123)555-0101', '789 25th Street', 'Chicago', '99999', 'USA', NULL, NULL),
	(26, 'Company Z', 'Liu', 'Run', 'test@test.test', '(123)555-0100', NULL, '(123)555-0101', '789 26th Street', 'Miami', '99999', 'USA', NULL, NULL),
	(27, 'Company AA', 'Toh', 'Karen', 'test@test.test', '(123)555-0100', NULL, '(123)555-0101', '789 27th Street', 'Las Vegas', '99999', 'USA', NULL, NULL),
	(28, 'Company BB', 'Raghav', 'Amritansh', 'test@test.test', '(123)555-0100', NULL, '(123)555-0101', '789 28th Street', 'Memphis', '99999', 'USA', NULL, NULL),
	(29, 'Company CC', 'Lee', 'Soo Jung', 'test@test.test', '(123)555-0100', NULL, '(123)555-0101', '789 29th Street', 'Denver', '99999', 'USA', NULL, NULL),
	(48, 'wqeqewgwe', 'gwegwegwgwgwgwggewgwgewgrh', 'gwegwegwegwe', '', '', NULL, NULL, '', '', '', '', NULL, NULL),
	(49, 'Firma Mustermann', 'Mustermann', 'Max', 'max.mustermann@test.de', '1234567', NULL, '', '', '', '', '', NULL, NULL),
	(50, 'Firma Mustermann2', 'Mustermann2', 'Max2', 'max2.mustermann2@test.de', '1234567222', NULL, '', '', 'Teststadt', '', '', NULL, NULL),
	(51, 'qwe', 'eqwewq', 'qweqw', 'ewqewqe', '', NULL, '', '', '', '', '', NULL, NULL),
	(52, 'Adidas', 'Mustermann', 'Max', 'max.mustermann@adidas.com', '298549846514651465', NULL, '', '', '', '', '', NULL, NULL);
/*!40000 ALTER TABLE `supplier` ENABLE KEYS */;

-- Exportiere Struktur von Trigger it_project.supplier_after_insert
SET @OLDTMP_SQL_MODE=@@SQL_MODE, SQL_MODE='NO_AUTO_CREATE_USER,NO_ENGINE_SUBSTITUTION';
DELIMITER //
CREATE TRIGGER `supplier_after_insert` AFTER INSERT ON `supplier` FOR EACH ROW BEGIN
	insert into product_supplier (product_id, supplier_id) VALUES (1, new.id);
	insert into product_supplier (product_id, supplier_id) VALUES (3, new.id);
	insert into product_supplier (product_id, supplier_id) VALUES (4, new.id);
	insert into product_supplier (product_id, supplier_id) VALUES (5, new.id);
	insert into product_supplier (product_id, supplier_id) VALUES (6, new.id);
	insert into product_supplier (product_id, supplier_id) VALUES (19, new.id);
END//
DELIMITER ;
SET SQL_MODE=@OLDTMP_SQL_MODE;

/*!40101 SET SQL_MODE=IFNULL(@OLD_SQL_MODE, '') */;
/*!40014 SET FOREIGN_KEY_CHECKS=IF(@OLD_FOREIGN_KEY_CHECKS IS NULL, 1, @OLD_FOREIGN_KEY_CHECKS) */;
/*!40101 SET CHARACTER_SET_CLIENT=@OLD_CHARACTER_SET_CLIENT */;
